{
  "latitude": 42.3601,
  "longitude": -71.0589,
  "timezone": "America/New_York",
  "offset": -5,
  "currently": {
    "time": 1486005364,
    "summary": "Mostly Cloudy",
    "icon": "partly-cloudy-night",
    "nearestStormDistance": 27,
    "nearestStormBearing": 182,
    "precipIntensity": 0,
    "precipProbability": 0,
    "temperature": 35.28,
    "apparentTemperature": 31.04,
    "dewPoint": 25.17,
    "humidity": 0.66,
    "windSpeed": 4.87,
    "windBearing": 275,
    "visibility": 9.99,
    "cloudCover": 0.64,
    "pressure": 1014.05,
    "ozone": 378.1
  },
  "minutely": {
    "summary": "Mostly cloudy for the hour.",
    "icon": "partly-cloudy-night",
    "data": [
      {
        "time": 1486005360,
        "precipIntensity": 0,
        "precipProbability": 0
      },
      {
        "time": 1486005420,
        "precipIntensity": 0,
        "precipProbability": 0
      },
      {
        "time": 1486005480,
        "precipIntensity": 0,
        "precipProbability": 0
      },
      {
        "time": 1486005540,
        "precipIntensity": 0,
        "precipProbability": 0
      },
      {
        "time": 1486005600,
        "precipIntensity": 0,
        "precipProbability": 0
      },
      {
        "time": 1486005660,
        "precipIntensity": 0,
        "precipProbability": 0
      },
      {
        "time": 1486005720,
        "precipIntensity": 0,
        "precipProbability": 0
      },
      {
        "time": 1486005780,
        "precipIntensity": 0,
        "precipProbability": 0
      },
      {
        "time": 1486005840,
        "precipIntensity": 0,
        "precipProbability": 0
      },
      {
        "time": 1486005900,
        "precipIntensity": 0,
        "precipProbability": 0
      },
      {
        "time": 1486005960,
        "precipIntensity": 0,
        "precipProbability": 0
      },
      {
        "time": 1486006020,
        "precipIntensity": 0,
        "precipProbability": 0
      },
      {
        "time": 1486006080,
        "precipIntensity": 0,
        "precipProbability": 0
      },
      {
        "time": 1486006140,
        "precipIntensity": 0,
        "precipProbability": 0
      },
      {
        "time": 1486006200,
        "precipIntensity": 0,
        "precipProbability": 0
      },
      {
        "time": 1486006260,
        "precipIntensity": 0,
        "precipProbability": 0
      },
      {
        "time": 1486006320,
        "precipIntensity": 0,
        "precipProbability": 0
      },
      {
        "time": 1486006380,
        "precipIntensity": 0,
        "precipProbability": 0
      },
      {
        "time": 1486006440,
        "precipIntensity": 0,
        "precipProbability": 0
      },
      {
        "time": 1486006500,
        "precipIntensity": 0,
        "precipProbability": 0
      },
      {
        "time": 1486006560,
        "precipIntensity": 0,
        "precipProbability": 0
      },
      {
        "time": 1486006620,
        "precipIntensity": 0,
        "precipProbability": 0
      },
      {
        "time": 1486006680,
        "precipIntensity": 0,
        "precipProbability": 0
      },
      {
        "time": 1486006740,
        "precipIntensity": 0,
        "precipProbability": 0
      },
      {
        "time": 1486006800,
        "precipIntensity": 0,
        "precipProbability": 0
      },
      {
        "time": 1486006860,
        "precipIntensity": 0,
        "precipProbability": 0
      },
      {
        "time": 1486006920,
        "precipIntensity": 0,
        "precipProbability": 0
      },
      {
        "time": 1486006980,
        "precipIntensity": 0,
        "precipProbability": 0
      },
      {
        "time": 1486007040,
        "precipIntensity": 0,
        "precipProbability": 0
      },
      {
        "time": 1486007100,
        "precipIntensity": 0,
        "precipProbability": 0
      },
      {
        "time": 1486007160,
        "precipIntensity": 0,
        "precipProbability": 0
      },
      {
        "time": 1486007220,
        "precipIntensity": 0,
        "precipProbability": 0
      },
      {
        "time": 1486007280,
        "precipIntensity": 0,
        "precipProbability": 0
      },
      {
        "time": 1486007340,
        "precipIntensity": 0,
        "precipProbability": 0
      },
      {
        "time": 1486007400,
        "precipIntensity": 0,
        "precipProbability": 0
      },
      {
        "time": 1486007460,
        "precipIntensity": 0,
        "precipProbability": 0
      },
      {
        "time": 1486007520,
        "precipIntensity": 0,
        "precipProbability": 0
      },
      {
        "time": 1486007580,
        "precipIntensity": 0,
        "precipProbability": 0
      },
      {
        "time": 1486007640,
        "precipIntensity": 0,
        "precipProbability": 0
      },
      {
        "time": 1486007700,
        "precipIntensity": 0,
        "precipProbability": 0
      },
      {
        "time": 1486007760,
        "precipIntensity": 0,
        "precipProbability": 0
      },
      {
        "time": 1486007820,
        "precipIntensity": 0,
        "precipProbability": 0
      },
      {
        "time": 1486007880,
        "precipIntensity": 0,
        "precipProbability": 0
      },
      {
        "time": 1486007940,
        "precipIntensity": 0,
        "precipProbability": 0
      },
      {
        "time": 1486008000,
        "precipIntensity": 0,
        "precipProbability": 0
      },
      {
        "time": 1486008060,
        "precipIntensity": 0,
        "precipProbability": 0
      },
      {
        "time": 1486008120,
        "precipIntensity": 0,
        "precipProbability": 0
      },
      {
        "time": 1486008180,
        "precipIntensity": 0,
        "precipProbability": 0
      },
      {
        "time": 1486008240,
        "precipIntensity": 0,
        "precipProbability": 0
      },
      {
        "time": 1486008300,
        "precipIntensity": 0,
        "precipProbability": 0
      },
      {
        "time": 1486008360,
        "precipIntensity": 0,
        "precipProbability": 0
      },
      {
        "time": 1486008420,
        "precipIntensity": 0,
        "precipProbability": 0
      },
      {
        "time": 1486008480,
        "precipIntensity": 0,
        "precipProbability": 0
      },
      {
        "time": 1486008540,
        "precipIntensity": 0,
        "precipProbability": 0
      },
      {
        "time": 1486008600,
        "precipIntensity": 0,
        "precipProbability": 0
      },
      {
        "time": 1486008660,
        "precipIntensity": 0,
        "precipProbability": 0
      },
      {
        "time": 1486008720,
        "precipIntensity": 0,
        "precipProbability": 0
      },
      {
        "time": 1486008780,
        "precipIntensity": 0,
        "precipProbability": 0
      },
      {
        "time": 1486008840,
        "precipIntensity": 0,
        "precipProbability": 0
      },
      {
        "time": 1486008900,
        "precipIntensity": 0,
        "precipProbability": 0
      },
      {
        "time": 1486008960,
        "precipIntensity": 0,
        "precipProbability": 0
      }
    ]
  },
  "hourly": {
    "summary": "Partly cloudy starting tomorrow morning, continuing until tomorrow evening.",
    "icon": "partly-cloudy-day",
    "data": [
      {
        "time": 1486004400,
        "summary": "Mostly Cloudy",
        "icon": "partly-cloudy-night",
        "precipIntensity": 0,
        "precipProbability": 0,
        "temperature": 35.86,
        "apparentTemperature": 32.09,
        "dewPoint": 25.62,
        "humidity": 0.66,
        "windSpeed": 4.46,
        "windBearing": 277,
        "visibility": 9.99,
        "cloudCover": 0.68,
        "pressure": 1014.05,
        "ozone": 378.55
      },
      {
        "time": 1486008000,
        "summary": "Partly Cloudy",
        "icon": "partly-cloudy-night",
        "precipIntensity": 0,
        "precipProbability": 0,
        "temperature": 33.67,
        "apparentTemperature": 28.21,
        "dewPoint": 23.94,
        "humidity": 0.67,
        "windSpeed": 6.01,
        "windBearing": 271,
        "visibility": 9.98,
        "cloudCover": 0.55,
        "pressure": 1014.07,
        "ozone": 376.87
      },
      {
        "time": 1486011600,
        "summary": "Partly Cloudy",
        "icon": "partly-cloudy-night",
        "precipIntensity": 0,
        "precipProbability": 0,
        "temperature": 33.01,
        "apparentTemperature": 26.68,
        "dewPoint": 23.66,
        "humidity": 0.68,
        "windSpeed": 7.05,
        "windBearing": 266,
        "visibility": 9.97,
        "cloudCover": 0.43,
        "pressure": 1014.14,
        "ozone": 376.06
      },
      {
        "time": 1486015200,
        "summary": "Partly Cloudy",
        "icon": "partly-cloudy-night",
        "precipIntensity": 0,
        "precipProbability": 0,
        "temperature": 32.35,
        "apparentTemperature": 25.32,
        "dewPoint": 23.37,
        "humidity": 0.69,
        "windSpeed": 7.93,
        "windBearing": 264,
        "visibility": 9.97,
        "cloudCover": 0.25,
        "pressure": 1014.33,
        "ozone": 375.74
      },
      {
        "time": 1486018800,
        "summary": "Clear",
        "icon": "clear-night",
        "precipIntensity": 0,
        "precipProbability": 0,
        "temperature": 32.07,
        "apparentTemperature": 24.59,
        "dewPoint": 23.84,
        "humidity": 0.71,
        "windSpeed": 8.57,
        "windBearing": 263,
        "visibility": 9.86,
        "cloudCover": 0.1,
        "pressure": 1014.59,
        "ozone": 375.69
      },
      {
        "time": 1486022400,
        "summary": "Clear",
        "icon": "clear-night",
        "precipIntensity": 0,
        "precipProbability": 0,
        "temperature": 31.66,
        "apparentTemperature": 24.46,
        "dewPoint": 24.3,
        "humidity": 0.74,
        "windSpeed": 7.95,
        "windBearing": 261,
        "visibility": 9.6,
        "cloudCover": 0.06,
        "pressure": 1014.83,
        "ozone": 376.13
      },
      {
        "time": 1486026000,
        "summary": "Clear",
        "icon": "clear-night",
        "precipIntensity": 0,
        "precipProbability": 0,
        "temperature": 30.87,
        "apparentTemperature": 23.6,
        "dewPoint": 24.16,
        "humidity": 0.76,
        "windSpeed": 7.81,
        "windBearing": 257,
        "visibility": 9.35,
        "cloudCover": 0.1,
        "pressure": 1015.16,
        "ozone": 377.3
      },
      {
        "time": 1486029600,
        "summary": "Clear",
        "icon": "clear-night",
        "precipIntensity": 0,
        "precipProbability": 0,
        "temperature": 30.62,
        "apparentTemperature": 23.32,
        "dewPoint": 24.05,
        "humidity": 0.76,
        "windSpeed": 7.76,
        "windBearing": 255,
        "visibility": 9.29,
        "cloudCover": 0.11,
        "pressure": 1015.25,
        "ozone": 379.68
      },
      {
        "time": 1486033200,
        "summary": "Clear",
        "icon": "clear-night",
        "precipIntensity": 0,
        "precipProbability": 0,
        "temperature": 30.54,
        "apparentTemperature": 23.37,
        "dewPoint": 24.06,
        "humidity": 0.77,
        "windSpeed": 7.54,
        "windBearing": 251,
        "visibility": 9.24,
        "cloudCover": 0.15,
        "pressure": 1015.31,
        "ozone": 382.78
      },
      {
        "time": 1486036800,
        "summary": "Clear",
        "icon": "clear-night",
        "precipIntensity": 0,
        "precipProbability": 0,
        "temperature": 30.63,
        "apparentTemperature": 23.47,
        "dewPoint": 24.14,
        "humidity": 0.77,
        "windSpeed": 7.55,
        "windBearing": 247,
        "visibility": 9.23,
        "cloudCover": 0.18,
        "pressure": 1015.44,
        "ozone": 385.45
      },
      {
        "time": 1486040400,
        "summary": "Clear",
        "icon": "clear-day",
        "precipIntensity": 0,
        "precipProbability": 0,
        "temperature": 32.37,
        "apparentTemperature": 25.73,
        "dewPoint": 25.49,
        "humidity": 0.75,
        "windSpeed": 7.32,
        "windBearing": 248,
        "visibility": 9.23,
        "cloudCover": 0.17,
        "pressure": 1015.8,
        "ozone": 387.46
      },
      {
        "time": 1486044000,
        "summary": "Clear",
        "icon": "clear-day",
        "precipIntensity": 0,
        "precipProbability": 0,
        "temperature": 34.98,
        "apparentTemperature": 28.75,
        "dewPoint": 26.59,
        "humidity": 0.71,
        "windSpeed": 7.54,
        "windBearing": 254,
        "visibility": 9.64,
        "cloudCover": 0.17,
        "pressure": 1016.15,
        "ozone": 389.03
      },
      {
        "time": 1486047600,
        "summary": "Partly Cloudy",
        "icon": "partly-cloudy-day",
        "precipIntensity": 0,
        "precipProbability": 0,
        "temperature": 37.2,
        "apparentTemperature": 31.37,
        "dewPoint": 27.36,
        "humidity": 0.67,
        "windSpeed": 7.65,
        "windBearing": 254,
        "visibility": 9.89,
        "cloudCover": 0.28,
        "pressure": 1016.23,
        "ozone": 389.66
      },
      {
        "time": 1486051200,
        "summary": "Partly Cloudy",
        "icon": "partly-cloudy-day",
        "precipIntensity": 0,
        "precipProbability": 0,
        "temperature": 38.99,
        "apparentTemperature": 33.23,
        "dewPoint": 27.9,
        "humidity": 0.64,
        "windSpeed": 8.25,
        "windBearing": 249,
        "visibility": 10,
        "cloudCover": 0.44,
        "pressure": 1015.78,
        "ozone": 388.88
      },
      {
        "time": 1486054800,
        "summary": "Partly Cloudy",
        "icon": "partly-cloudy-day",
        "precipIntensity": 0,
        "precipProbability": 0,
        "temperature": 40.31,
        "apparentTemperature": 34.4,
        "dewPoint": 28.12,
        "humidity": 0.61,
        "windSpeed": 9.15,
        "windBearing": 242,
        "visibility": 10,
        "cloudCover": 0.52,
        "pressure": 1015.07,
        "ozone": 387.17
      },
      {
        "time": 1486058400,
        "summary": "Partly Cloudy",
        "icon": "partly-cloudy-day",
        "precipIntensity": 0,
        "precipProbability": 0,
        "temperature": 41.4,
        "apparentTemperature": 35.52,
        "dewPoint": 28.76,
        "humidity": 0.6,
        "windSpeed": 9.67,
        "windBearing": 241,
        "visibility": 10,
        "cloudCover": 0.58,
        "pressure": 1014.56,
        "ozone": 385.35
      },
      {
        "time": 1486062000,
        "summary": "Mostly Cloudy",
        "icon": "partly-cloudy-day",
        "precipIntensity": 0,
        "precipProbability": 0,
        "temperature": 40.58,
        "apparentTemperature": 34.3,
        "dewPoint": 28.02,
        "humidity": 0.61,
        "windSpeed": 10.15,
        "windBearing": 243,
        "visibility": 9.93,
        "cloudCover": 0.65,
        "pressure": 1014.46,
        "ozone": 383.44
      },
      {
        "time": 1486065600,
        "summary": "Mostly Cloudy",
        "icon": "partly-cloudy-day",
        "precipIntensity": 0,
        "precipProbability": 0,
        "temperature": 39.19,
        "apparentTemperature": 32.57,
        "dewPoint": 26.12,
        "humidity": 0.59,
        "windSpeed": 10.14,
        "windBearing": 253,
        "visibility": 9.96,
        "cloudCover": 0.7,
        "pressure": 1014.62,
        "ozone": 381.43
      },
      {
        "time": 1486069200,
        "summary": "Mostly Cloudy",
        "icon": "partly-cloudy-day",
        "precipIntensity": 0,
        "precipProbability": 0,
        "temperature": 37.3,
        "apparentTemperature": 30.3,
        "dewPoint": 24.34,
        "humidity": 0.59,
        "windSpeed": 9.98,
        "windBearing": 263,
        "visibility": 9.86,
        "cloudCover": 0.73,
        "pressure": 1015.03,
        "ozone": 380.13
      },
      {
        "time": 1486072800,
        "summary": "Partly Cloudy",
        "icon": "partly-cloudy-night",
        "precipIntensity": 0,
        "precipProbability": 0,
        "temperature": 35.18,
        "apparentTemperature": 27.71,
        "dewPoint": 23.24,
        "humidity": 0.61,
        "windSpeed": 9.9,
        "windBearing": 267,
        "visibility": 9.88,
        "cloudCover": 0.56,
        "pressure": 1015.77,
        "ozone": 379.96
      },
      {
        "time": 1486076400,
        "summary": "Partly Cloudy",
        "icon": "partly-cloudy-night",
        "precipIntensity": 0,
        "precipProbability": 0,
        "temperature": 33.62,
        "apparentTemperature": 25.92,
        "dewPoint": 23.15,
        "humidity": 0.65,
        "windSpeed": 9.63,
        "windBearing": 271,
        "visibility": 9.99,
        "cloudCover": 0.38,
        "pressure": 1016.75,
        "ozone": 380.51
      },
      {
        "time": 1486080000,
        "summary": "Partly Cloudy",
        "icon": "partly-cloudy-night",
        "precipIntensity": 0,
        "precipProbability": 0,
        "temperature": 32.16,
        "apparentTemperature": 23.71,
        "dewPoint": 22.53,
        "humidity": 0.67,
        "windSpeed": 10.42,
        "windBearing": 278,
        "visibility": 10,
        "cloudCover": 0.27,
        "pressure": 1017.66,
        "ozone": 381.33
      },
      {
        "time": 1486083600,
        "summary": "Clear",
        "icon": "clear-night",
        "precipIntensity": 0,
        "precipProbability": 0,
        "temperature": 31.43,
        "apparentTemperature": 22.91,
        "dewPoint": 21.64,
        "humidity": 0.67,
        "windSpeed": 10.21,
        "windBearing": 280,
        "visibility": 10,
        "cloudCover": 0.2,
        "pressure": 1018.28,
        "ozone": 382.56
      },
      {
        "time": 1486087200,
        "summary": "Clear",
        "icon": "clear-night",
        "precipIntensity": 0,
        "precipProbability": 0,
        "temperature": 30.59,
        "apparentTemperature": 21.63,
        "dewPoint": 20.03,
        "humidity": 0.64,
        "windSpeed": 10.67,
        "windBearing": 280,
        "visibility": 10,
        "cloudCover": 0.07,
        "pressure": 1018.75,
        "ozone": 384.06
      },
      {
        "time": 1486090800,
        "summary": "Clear",
        "icon": "clear-night",
        "precipIntensity": 0,
        "precipProbability": 0,
        "temperature": 30.68,
        "apparentTemperature": 21.85,
        "dewPoint": 19.48,
        "humidity": 0.63,
        "windSpeed": 10.48,
        "windBearing": 282,
        "visibility": 10,
        "cloudCover": 0.03,
        "pressure": 1019.14,
        "ozone": 384.93
      },
      {
        "time": 1486094400,
        "summary": "Clear",
        "icon": "clear-night",
        "precipIntensity": 0,
        "precipProbability": 0,
        "temperature": 29.63,
        "apparentTemperature": 20.46,
        "dewPoint": 18.51,
        "humidity": 0.63,
        "windSpeed": 10.65,
        "windBearing": 280,
        "visibility": 10,
        "cloudCover": 0.01,
        "pressure": 1019.47,
        "ozone": 384.68
      },
      {
        "time": 1486098000,
        "summary": "Clear",
        "icon": "clear-night",
        "precipIntensity": 0,
        "precipProbability": 0,
        "temperature": 28.78,
        "apparentTemperature": 19.18,
        "dewPoint": 17.97,
        "humidity": 0.63,
        "windSpeed": 11.08,
        "windBearing": 280,
        "visibility": 10,
        "cloudCover": 0.01,
        "pressure": 1019.75,
        "ozone": 383.79
      },
      {
        "time": 1486101600,
        "summary": "Clear",
        "icon": "clear-night",
        "precipIntensity": 0,
        "precipProbability": 0,
        "temperature": 27.91,
        "apparentTemperature": 17.97,
        "dewPoint": 17.41,
        "humidity": 0.64,
        "windSpeed": 11.32,
        "windBearing": 277,
        "visibility": 10,
        "cloudCover": 0.02,
        "pressure": 1020.02,
        "ozone": 382.83
      },
      {
        "time": 1486105200,
        "summary": "Clear",
        "icon": "clear-night",
        "precipIntensity": 0,
        "precipProbability": 0,
        "temperature": 27.09,
        "apparentTemperature": 17,
        "dewPoint": 16.84,
        "humidity": 0.65,
        "windSpeed": 11.2,
        "windBearing": 274,
        "visibility": 10,
        "cloudCover": 0.01,
        "pressure": 1020.29,
        "ozone": 381.79
      },
      {
        "time": 1486108800,
        "summary": "Clear",
        "icon": "clear-night",
        "precipIntensity": 0,
        "precipProbability": 0,
        "temperature": 26.32,
        "apparentTemperature": 16.3,
        "dewPoint": 16.34,
        "humidity": 0.65,
        "windSpeed": 10.7,
        "windBearing": 270,
        "visibility": 10,
        "cloudCover": 0,
        "pressure": 1020.54,
        "ozone": 380.69
      },
      {
        "time": 1486112400,
        "summary": "Clear",
        "icon": "clear-night",
        "precipIntensity": 0,
        "precipProbability": 0,
        "temperature": 25.61,
        "apparentTemperature": 15.79,
        "dewPoint": 15.88,
        "humidity": 0.66,
        "windSpeed": 10.03,
        "windBearing": 268,
        "visibility": 10,
        "cloudCover": 0,
        "pressure": 1020.77,
        "ozone": 380.18
      },
      {
        "time": 1486116000,
        "summary": "Clear",
        "icon": "clear-night",
        "precipIntensity": 0,
        "precipProbability": 0,
        "temperature": 24.85,
        "apparentTemperature": 15.25,
        "dewPoint": 15.52,
        "humidity": 0.67,
        "windSpeed": 9.36,
        "windBearing": 263,
        "visibility": 10,
        "cloudCover": 0,
        "pressure": 1021.07,
        "ozone": 380.8
      },
      {
        "time": 1486119600,
        "summary": "Clear",
        "icon": "clear-night",
        "precipIntensity": 0,
        "precipProbability": 0,
        "temperature": 24.08,
        "apparentTemperature": 14.69,
        "dewPoint": 15.11,
        "humidity": 0.68,
        "windSpeed": 8.75,
        "windBearing": 258,
        "visibility": 10,
        "cloudCover": 0,
        "pressure": 1021.41,
        "ozone": 382.01
      },
      {
        "time": 1486123200,
        "summary": "Clear",
        "icon": "clear-night",
        "precipIntensity": 0,
        "precipProbability": 0,
        "temperature": 23.75,
        "apparentTemperature": 14.51,
        "dewPoint": 14.69,
        "humidity": 0.68,
        "windSpeed": 8.41,
        "windBearing": 253,
        "visibility": 10,
        "cloudCover": 0,
        "pressure": 1021.64,
        "ozone": 382.95
      },
      {
        "time": 1486126800,
        "summary": "Clear",
        "icon": "clear-day",
        "precipIntensity": 0,
        "precipProbability": 0,
        "temperature": 24.5,
        "apparentTemperature": 15.39,
        "dewPoint": 14.49,
        "humidity": 0.65,
        "windSpeed": 8.47,
        "windBearing": 249,
        "visibility": 10,
        "cloudCover": 0,
        "pressure": 1021.8,
        "ozone": 383.32
      },
      {
        "time": 1486130400,
        "summary": "Clear",
        "icon": "clear-day",
        "precipIntensity": 0,
        "precipProbability": 0,
        "temperature": 25.54,
        "apparentTemperature": 16.45,
        "dewPoint": 14.03,
        "humidity": 0.61,
        "windSpeed": 8.78,
        "windBearing": 246,
        "visibility": 10,
        "cloudCover": 0,
        "pressure": 1021.86,
        "ozone": 383.4
      },
      {
        "time": 1486134000,
        "summary": "Clear",
        "icon": "clear-day",
        "precipIntensity": 0,
        "precipProbability": 0,
        "temperature": 26.38,
        "apparentTemperature": 17.28,
        "dewPoint": 13.47,
        "humidity": 0.58,
        "windSpeed": 9.13,
        "windBearing": 242,
        "visibility": 10,
        "cloudCover": 0.01,
        "pressure": 1021.7,
        "ozone": 383.24
      },
      {
        "time": 1486137600,
        "summary": "Clear",
        "icon": "clear-day",
        "precipIntensity": 0,
        "precipProbability": 0,
        "temperature": 27.35,
        "apparentTemperature": 18.25,
        "dewPoint": 13.31,
        "humidity": 0.55,
        "windSpeed": 9.5,
        "windBearing": 237,
        "visibility": 10,
        "cloudCover": 0.08,
        "pressure": 1021.14,
        "ozone": 382.6
      },
      {
        "time": 1486141200,
        "summary": "Clear",
        "icon": "clear-day",
        "precipIntensity": 0,
        "precipProbability": 0,
        "temperature": 28.88,
        "apparentTemperature": 19.9,
        "dewPoint": 13.84,
        "humidity": 0.53,
        "windSpeed": 9.92,
        "windBearing": 232,
        "visibility": 10,
        "cloudCover": 0.18,
        "pressure": 1020.36,
        "ozone": 381.7
      },
      {
        "time": 1486144800,
        "summary": "Partly Cloudy",
        "icon": "partly-cloudy-day",
        "precipIntensity": 0,
        "precipProbability": 0,
        "temperature": 30.63,
        "apparentTemperature": 21.86,
        "dewPoint": 14.86,
        "humidity": 0.51,
        "windSpeed": 10.33,
        "windBearing": 231,
        "visibility": 10,
        "cloudCover": 0.29,
        "pressure": 1019.67,
        "ozone": 381.22
      },
      {
        "time": 1486148400,
        "summary": "Partly Cloudy",
        "icon": "partly-cloudy-day",
        "precipIntensity": 0,
        "precipProbability": 0,
        "temperature": 32.12,
        "apparentTemperature": 23.53,
        "dewPoint": 16.03,
        "humidity": 0.51,
        "windSpeed": 10.7,
        "windBearing": 234,
        "visibility": 10,
        "cloudCover": 0.45,
        "pressure": 1019.1,
        "ozone": 380.89
      },
      {
        "time": 1486152000,
        "summary": "Mostly Cloudy",
        "icon": "partly-cloudy-day",
        "precipIntensity": 0,
        "precipProbability": 0,
        "temperature": 32.89,
        "apparentTemperature": 24.34,
        "dewPoint": 16.86,
        "humidity": 0.51,
        "windSpeed": 11.01,
        "windBearing": 241,
        "visibility": 10,
        "cloudCover": 0.66,
        "pressure": 1018.63,
        "ozone": 380.98
      },
      {
        "time": 1486155600,
        "summary": "Mostly Cloudy",
        "icon": "partly-cloudy-day",
        "precipIntensity": 0,
        "precipProbability": 0,
        "temperature": 32.39,
        "apparentTemperature": 23.62,
        "dewPoint": 16.79,
        "humidity": 0.52,
        "windSpeed": 11.22,
        "windBearing": 246,
        "visibility": 10,
        "cloudCover": 0.77,
        "pressure": 1018.42,
        "ozone": 382.9
      },
      {
        "time": 1486159200,
        "summary": "Mostly Cloudy",
        "icon": "partly-cloudy-night",
        "precipIntensity": 0,
        "precipProbability": 0,
        "temperature": 31.38,
        "apparentTemperature": 22.25,
        "dewPoint": 16.59,
        "humidity": 0.54,
        "windSpeed": 11.44,
        "windBearing": 250,
        "visibility": 10,
        "cloudCover": 0.73,
        "pressure": 1018.59,
        "ozone": 387.73
      },
      {
        "time": 1486162800,
        "summary": "Mostly Cloudy",
        "icon": "partly-cloudy-night",
        "precipIntensity": 0,
        "precipProbability": 0,
        "temperature": 30.02,
        "apparentTemperature": 20.46,
        "dewPoint": 16.27,
        "humidity": 0.56,
        "windSpeed": 11.64,
        "windBearing": 254,
        "visibility": 10,
        "cloudCover": 0.6,
        "pressure": 1019.03,
        "ozone": 394.41
      },
      {
        "time": 1486166400,
        "summary": "Partly Cloudy",
        "icon": "partly-cloudy-night",
        "precipIntensity": 0,
        "precipProbability": 0,
        "temperature": 28.68,
        "apparentTemperature": 18.66,
        "dewPoint": 15.81,
        "humidity": 0.58,
        "windSpeed": 11.9,
        "windBearing": 257,
        "visibility": 10,
        "cloudCover": 0.47,
        "pressure": 1019.47,
        "ozone": 401.09
      },
      {
        "time": 1486170000,
        "summary": "Partly Cloudy",
        "icon": "partly-cloudy-night",
        "precipIntensity": 0,
        "precipProbability": 0,
        "temperature": 27.51,
        "apparentTemperature": 17.01,
        "dewPoint": 15.25,
        "humidity": 0.59,
        "windSpeed": 12.27,
        "windBearing": 261,
        "visibility": 10,
        "cloudCover": 0.37,
        "pressure": 1019.77,
        "ozone": 407.24
      },
      {
        "time": 1486173600,
        "summary": "Partly Cloudy",
        "icon": "partly-cloudy-night",
        "precipIntensity": 0,
        "precipProbability": 0,
        "temperature": 26.45,
        "apparentTemperature": 15.51,
        "dewPoint": 14.67,
        "humidity": 0.61,
        "windSpeed": 12.6,
        "windBearing": 264,
        "visibility": 10,
        "cloudCover": 0.26,
        "pressure": 1020.04,
        "ozone": 413.39
      },
      {
        "time": 1486177200,
        "summary": "Clear",
        "icon": "clear-night",
        "precipIntensity": 0,
        "precipProbability": 0,
        "temperature": 25.54,
        "apparentTemperature": 14.3,
        "dewPoint": 14.17,
        "humidity": 0.61,
        "windSpeed": 12.74,
        "windBearing": 266,
        "visibility": 10,
        "cloudCover": 0.17,
        "pressure": 1020.19,
        "ozone": 419.41
      }
    ]
  },
  "daily": {
    "summary": "Mixed precipitation throughout the week, with temperatures bottoming out at 33°F on Friday.",
    "icon": "snow",
    "data": [
      {
        "time": 1485925200,
        "summary": "Light snow in the morning.",
        "icon": "snow",
        "sunriseTime": 1485950335,
        "sunsetTime": 1485986358,
        "moonPhase": 0.16,
        "precipIntensity": 0.0014,
        "precipIntensityMax": 0.0052,
        "precipIntensityMaxTime": 1485936000,
        "precipProbability": 0.23,
        "precipType": "snow",
        "precipAccumulation": 0.327,
        "temperatureMin": 27.83,
        "temperatureMinTime": 1485946800,
        "temperatureMax": 40.64,
        "temperatureMaxTime": 1485982800,
        "apparentTemperatureMin": 25.33,
        "apparentTemperatureMinTime": 1485957600,
        "apparentTemperatureMax": 34.95,
        "apparentTemperatureMaxTime": 1485982800,
        "dewPoint": 26.45,
        "humidity": 0.76,
        "windSpeed": 4.56,
        "windBearing": 266,
        "visibility": 7.4,
        "cloudCover": 0.47,
        "pressure": 1011.43,
        "ozone": 395.17
      },
      {
        "time": 1486011600,
        "summary": "Partly cloudy until evening.",
        "icon": "partly-cloudy-day",
        "sunriseTime": 1486036672,
        "sunsetTime": 1486072837,
        "moonPhase": 0.2,
        "precipIntensity": 0,
        "precipIntensityMax": 0,
        "precipProbability": 0,
        "temperatureMin": 29.63,
        "temperatureMinTime": 1486094400,
        "temperatureMax": 41.4,
        "temperatureMaxTime": 1486058400,
        "apparentTemperatureMin": 20.46,
        "apparentTemperatureMinTime": 1486094400,
        "apparentTemperatureMax": 35.52,
        "apparentTemperatureMaxTime": 1486058400,
        "dewPoint": 24.29,
        "humidity": 0.67,
        "windSpeed": 8.68,
        "windBearing": 261,
        "visibility": 9.79,
        "cloudCover": 0.3,
        "pressure": 1015.94,
        "ozone": 382.48
      },
      {
        "time": 1486098000,
        "summary": "Partly cloudy starting in the afternoon, continuing until evening.",
        "icon": "partly-cloudy-night",
        "sunriseTime": 1486123008,
        "sunsetTime": 1486159317,
        "moonPhase": 0.24,
        "precipIntensity": 0,
        "precipIntensityMax": 0,
        "precipProbability": 0,
        "temperatureMin": 23.75,
        "temperatureMinTime": 1486123200,
        "temperatureMax": 32.89,
        "temperatureMaxTime": 1486152000,
        "apparentTemperatureMin": 13.47,
        "apparentTemperatureMinTime": 1486180800,
        "apparentTemperatureMax": 24.34,
        "apparentTemperatureMaxTime": 1486152000,
        "dewPoint": 15.41,
        "humidity": 0.6,
        "windSpeed": 10.31,
        "windBearing": 256,
        "visibility": 10,
        "cloudCover": 0.22,
        "pressure": 1020.23,
        "ozone": 389.35
      },
      {
        "time": 1486184400,
        "summary": "Partly cloudy starting in the afternoon, continuing until evening.",
        "icon": "partly-cloudy-day",
        "sunriseTime": 1486209342,
        "sunsetTime": 1486245796,
        "moonPhase": 0.27,
        "precipIntensity": 0,
        "precipIntensityMax": 0,
        "precipProbability": 0,
        "temperatureMin": 20.23,
        "temperatureMinTime": 1486209600,
        "temperatureMax": 33.38,
        "temperatureMaxTime": 1486242000,
        "apparentTemperatureMin": 8.44,
        "apparentTemperatureMinTime": 1486209600,
        "apparentTemperatureMax": 23.88,
        "apparentTemperatureMaxTime": 1486242000,
        "dewPoint": 14.5,
        "humidity": 0.61,
        "windSpeed": 12.39,
        "windBearing": 257,
        "visibility": 10,
        "cloudCover": 0.13,
        "pressure": 1021.86,
        "ozone": 435.86
      },
      {
        "time": 1486270800,
        "summary": "Drizzle overnight.",
        "icon": "rain",
        "sunriseTime": 1486295674,
        "sunsetTime": 1486332275,
        "moonPhase": 0.31,
        "precipIntensity": 0.0009,
        "precipIntensityMax": 0.0057,
        "precipIntensityMaxTime": 1486350000,
        "precipProbability": 0.26,
        "precipType": "rain",
        "temperatureMin": 23.44,
        "temperatureMinTime": 1486292400,
        "temperatureMax": 38.55,
        "temperatureMaxTime": 1486339200,
        "apparentTemperatureMin": 14.5,
        "apparentTemperatureMinTime": 1486292400,
        "apparentTemperatureMax": 32.53,
        "apparentTemperatureMaxTime": 1486339200,
        "dewPoint": 20.97,
        "humidity": 0.66,
        "windSpeed": 8.61,
        "windBearing": 223,
        "visibility": 10,
        "cloudCover": 0.74,
        "pressure": 1018.06,
        "ozone": 407.44
      },
      {
        "time": 1486357200,
        "summary": "Partly cloudy until afternoon.",
        "icon": "partly-cloudy-day",
        "sunriseTime": 1486382005,
        "sunsetTime": 1486418754,
        "moonPhase": 0.35,
        "precipIntensity": 0.0009,
        "precipIntensityMax": 0.0048,
        "precipIntensityMaxTime": 1486357200,
        "precipProbability": 0.2,
        "precipType": "snow",
        "precipAccumulation": 0.186,
        "temperatureMin": 21.91,
        "temperatureMinTime": 1486440000,
        "temperatureMax": 37.77,
        "temperatureMaxTime": 1486357200,
        "apparentTemperatureMin": 10.48,
        "apparentTemperatureMinTime": 1486440000,
        "apparentTemperatureMax": 31.08,
        "apparentTemperatureMaxTime": 1486357200,
        "dewPoint": 16.15,
        "humidity": 0.58,
        "windSpeed": 12.81,
        "windBearing": 283,
        "cloudCover": 0.37,
        "pressure": 1010.91,
        "ozone": 409.21
      },
      {
        "time": 1486443600,
        "summary": "Mixed precipitation starting in the evening.",
        "icon": "snow",
        "sunriseTime": 1486468334,
        "sunsetTime": 1486505233,
        "moonPhase": 0.39,
        "precipIntensity": 0.0027,
        "precipIntensityMax": 0.018,
        "precipIntensityMaxTime": 1486526400,
        "precipProbability": 0.59,
        "precipType": "snow",
        "precipAccumulation": 0.531,
        "temperatureMin": 14.81,
        "temperatureMinTime": 1486465200,
        "temperatureMax": 33.91,
        "temperatureMaxTime": 1486526400,
        "apparentTemperatureMin": 5.67,
        "apparentTemperatureMinTime": 1486465200,
        "apparentTemperatureMax": 26.56,
        "apparentTemperatureMaxTime": 1486526400,
        "dewPoint": 9.17,
        "humidity": 0.55,
        "windSpeed": 2.35,
        "windBearing": 235,
        "cloudCover": 0.43,
        "pressure": 1022.65,
        "ozone": 374.71
      },
      {
        "time": 1486530000,
        "summary": "Rain in the morning and evening.",
        "icon": "rain",
        "sunriseTime": 1486554661,
        "sunsetTime": 1486591712,
        "moonPhase": 0.42,
        "precipIntensity": 0.0191,
        "precipIntensityMax": 0.0538,
        "precipIntensityMaxTime": 1486544400,
        "precipProbability": 0.72,
        "precipType": "rain",
        "temperatureMin": 35.36,
        "temperatureMinTime": 1486530000,
        "temperatureMax": 52.52,
        "temperatureMaxTime": 1486609200,
        "apparentTemperatureMin": 27.84,
        "apparentTemperatureMinTime": 1486530000,
        "apparentTemperatureMax": 52.52,
        "apparentTemperatureMaxTime": 1486609200,
        "dewPoint": 42.38,
        "humidity": 0.94,
        "windSpeed": 9.82,
        "windBearing": 197,
        "cloudCover": 1,
        "pressure": 1006.47,
        "ozone": 370.47
      }
    ]
  },
  "flags": {
    "sources": [
      "darksky",
      "lamp",
      "gfs",
      "cmc",
      "nam",
      "rap",
      "rtma",
      "sref",
      "fnmoc",
      "isd",
      "madis",
      "nearest-precip",
      "nwspa"
    ],
    "darksky-stations": [
      "KBOX"
    ],
    "lamp-stations": [
      "KASH",
      "KBED",
      "KBOS",
      "KBVY",
      "KFIT",
      "KLWM",
      "KMQE",
      "KOWD",
      "KPYM",
      "KSFZ",
      "KTAN"
    ],
    "isd-stations": [
      "725059-14702",
      "725059-99999",
      "725088-54733",
      "725088-99999",
      "725090-14739",
      "725097-14790",
      "725098-54704",
      "725098-99999",
      "726054-99999",
      "744900-14702",
      "744907-14753",
      "992420-99999",
      "994971-99999",
      "999999-14789",
      "999999-14790",
      "999999-94701"
    ],
    "madis-stations": [
      "A1261",
      "AN287",
      "BHBM3",
      "C0210",
      "C6612",
      "D0056",
      "D3706",
      "D7355",
      "E0152",
      "E2727",
      "E4331",
      "E5351",
      "E5650",
      "E6480",
      "E8528",
      "KBOS"
    ],
    "units": "us"
  }
}